"sbnk_code","sbnk_bbranch_code","sbnk_area_code","sbnk_name","sbnk_bbranch_name","sbnk_short_name","sbnk_acc_no","sbnk_siscon_code","sbnk_branch_code","sbnk_state_code","sbnk_account_type","sbnk_highval_flg","sbnk_overdraft_flg","sbnk_overdraft_limit","sbnk_current_bal","sbnk_acc_code","sbnk_deleted_flg","sbnk_ts_created","sbnk_created_by","sbnk_ts_edited","sbnk_edited_by","sbnk_parent_bank","sbnk_parent_branch","sbnk_online_issue","sbnk_online_receipt","sbnk_blocked_flg","sbnk_cust_code"
b48,b48,a1,STANDARD CHARTERED BANK C/F A/C,Mumbai,SCB,"22205547334","23","25","03",,N,N,0,0,A6100,N,2017-01-02 12:29:33.000,"0010",,,,,,N,,
b50,b50,,HDFC Bank,Bangalore,HDFC,"5092320003190","28","30","03",,N,N,0,0,A6017,N,2017-06-08 11:42:00.000,"0010",,,"240","002",,N,,
b51,b51,,State Bank of India,K R Road,SBI_DLT,"35858731366","24","26","03",,N,N,0,0,A6096,N,2017-06-21 12:25:57.000,"0010",,,,,,N,,
b52,b52,,Kotak Mahindra Bank,NKC Branch,KTM_DLT,"9512352195","24","26","03",,N,N,0,0,A6097,N,2017-06-21 12:27:08.000,"0010",,,,,,N,,
b53,b53,,STANDARD CHARTERED BANK C/F A/C,Mumbai,SCB,"22205547334","24","26","03",,N,N,0,0,A6100,N,2017-06-21 12:28:24.000,"0010",,,,,,N,,
b25,b25,a1,State Bank of India,Kolhapur,SBI-Kolh,"32248339307","17","19","01",,N,N,0,0,A6039,N,2012-03-28 11:09:10.000,"0010",,,"002","000",,N,,
b26,b26,a1,State Bank of India,Aurangabad,SBI-Aur,"32232640519","18","20","01",,N,N,0,0,A6038,N,2012-03-28 11:10:14.000,"0010",,,"002","000",,N,,
b27,b27,a1,State Bank of India,Pune,SBI-Pune,"32228467800","19","21","01",,N,N,0,0,A6037,N,2012-03-28 11:10:57.000,"0010",,,"002","000",,N,,
b36,b36,a1,State Bank of India,Vijayawada,SBI_VIJ,,"21","23","40",,N,N,0,0,A6022,Y,2015-03-20 10:37:04.000,"0010",,,"002","000",,N,,
b38,b38,a1,CENTRAL BANK OF INDIA - 3135032608,Peddar Road,CBI,"123","22","24","01",,N,N,0,0,A6082,N,2015-06-24 10:11:03.000,"0010",,,,,,N,,
b39,b39,a1,HDFC Bank Ltd,Sandoz House,HDFC,,"22","24","01",,N,N,0,0,A6083,N,2015-06-24 10:23:19.000,"0010",,,,,,N,,
b40,b40,a1,HDFC BANK EURO A/C. NO. 50200001390406,Sandoz House,HDFC,,"22","24","01",,N,N,0,0,A6084,N,2015-06-24 10:24:05.000,"0010",,,,,,N,,
b41,b41,a1,HDFC BANK DOLLAR A/C. NO. 50200001390395,Sandoz House,HDFC-D,,"22","24","01",,N,N,0,0,A6085,N,2015-06-24 10:24:54.000,"0010",,,,,,N,,
b42,b42,a1,Central Bank Of India -1178100244,Peddar Road,CBI,"01600/020047","22","24","01",,N,N,0,0,A6086,N,2015-06-24 10:26:19.000,"0010",,,,,,N,,
b24,b24,a1,HDFC Bank (Jaipur),Jaipur,HDFC-Jai,,"16","18",,,N,N,0,0,A6035,N,2010-09-21 12:01:45.000,"0010",,,"240","002",,N,,
b35,b35,a1,State Bank of India,Jabalpur,SBI_JBP,,"20","22","09",,N,N,0,0,A6056,N,2015-01-21 11:36:58.000,"0010",,,"002","000",,N,,
b43,b43,a1,HDFC Bank,"Crawford MKT,Mumbai-400001",HDFC,"50200013903385","99","99","01",,N,N,0,0,A6093,N,2015-12-05 16:56:21.000,"0010",,,"240","002",,Y,,
b01,br1,a1,State Bank of India,Comm.Branch,SBI.Comm,"123","01","03","01",,N,N,0,4000,A6056,N,2004-08-24 16:36:38.000,"0010",,,"002","000",,N,,
b02,br2,a1,State Bank of India,BARODA,SBI.Comm,,"02","04","01",,Y,Y,0,0,A6068,N,2004-09-11 14:49:00.000,"0010",,,"002","000",,N,,
b03,br3,a1,HDFC Bank (Kareli Baug),Kareli Baug,HDFC,,"02","04","04",,N,N,0,0,A6070,N,2004-09-14 15:24:19.000,"0010",,,"240","002",,N,,
b04,br4,a1,Syndicate Bank,Kalbadevi Br,SYN.KAL,,"02","04","01",,N,N,0,9,A6051,N,2005-03-30 16:16:47.000,"0010",,,,,,N,,
b05,br2,a1,State Bank of India,BARODA,SBI.Comm,,"05","07","01",,Y,Y,0,0,A6068,N,2004-09-11 14:49:00.000,"0010",,,"002","000",,N,,
b06,br3,a1,HDFC Bank (Kareli Baug),Kareli Baug,HDFC,,"05","07","04",,N,N,0,0,A6070,N,2004-09-14 15:24:19.000,"0010",,,"240","002",,N,,
b07,br4,a1,Syndicate Bank,Kalbadevi Br,SYN.KAL,,"05","07","01",,N,N,0,9,A6051,N,2005-03-30 16:16:47.000,"0010",,,,,,N,,
b08,br8,a1,State Bank of India,Comm.Branch,SBI.Comm,"11079527343","04","06","01",,Y,Y,0,0,A6056,N,2005-03-31 10:30:12.000,"0010",,,"002","019",Y,N,,
b09,br9,a1,Syndicate Bank,Crawford Mkt.Br,SYN.Craw,,"04","06","01",,N,N,0,0,A6052,N,2005-03-31 11:37:18.000,"0010",,,,,,N,Y,
b10,b10,a1,HDFC Bank,Crawford Mkt.Br,HDFC.,"1432320001964","01","03","01",,N,N,0,0,A6060,N,2005-03-31 11:46:11.000,"0010",,,"240","002",,N,,
b11,b11,a1,HDFC BANK LTD.,Crawford Market,HDFCCMKT,"1432320004798","04","06","01",,Y,N,0,0,A6072,N,2005-04-23 11:45:20.000,"9999",,,"240","002",,N,,
b12,b12,a1,HDFC Bank (Chennai),Chennai Br,HDFC CHN,,"06","08","06",,N,N,0,0,A6073,N,2005-08-04 16:58:54.000,"0010",,,"240","002",,N,,
b13,b13,a1,ICICI Bank Limited,Anna Salai Br,ICICI CH,CHE/010205002922,"04","06","06",,N,,,,A6008,N,2006-02-09 11:49:31.000,"0010",,,,,,N,Y,
b14,b14,a1,HDFC Bank Ltd,Raipur,HDFC-R,"1522320005589","07","09","28",,N,N,0,0,A6009,N,2006-06-01 17:53:28.000,"0010",,,"240","002",,N,,
b15,b15,,HDFC Bank,Indore,HDFC-I,"0362320008322","08","10","09",,,,,,A6010,N,2006-06-19 15:04:10.000,"0010",,,"240","002",,N,,
b16,b16,a1,HDFC Bank 240 (NSC),HDFC Bank 240 (NSC),HDFC-NSC,"1472320000240","05","07","04",,N,N,0,0,A6011,N,2006-06-22 11:14:41.000,"0010",,,"240","002",,N,,
cs,cs,a1,Cash,,cash,,"04","06",,,,,,,A6001,Y,2006-12-16 15:40:54.000,"0010",,,,,,N,,
b17,b17,a1,HDFC Bank (Hyd),Hyderabad,HDFC-HYD,"4722320000097","09","11","07",,,,,,A6013,N,2006-12-22 12:08:53.000,"0010",,,"240","002",,N,,
b18,b18,a1,HDFC Bnk (Kolkatta),Kolkatta,HDFC-Kta,"0082320018313","10","12","10",,,,,,A6015,N,2007-07-17 14:56:20.000,"0010",,,"240","002",,N,,
b19,b19,,HDFC Bank (Bangalore),Bangalore,HDFC-BNG,"5092320003190","11","13",,,N,N,0,0,A6017,N,2007-09-26 12:41:52.000,"0010",,,"240","002",,N,,
cb,cb,a1,Cash,Cash,Cash,,"05","07","04",,,,,,A6001,N,2008-05-03 11:58:28.000,"0010",,,,,,N,,
cbr,cbr,a1,Cash,Cash,Cash,,"07","09",,,,,,,A6001,Y,2008-05-08 10:02:46.000,"0010",,,,,,N,,
cbi,cbi,a1,Cash,Cash,Cash,,"08","10",,,,,,,A6001,Y,2008-05-08 10:03:00.000,"0010",,,,,,N,,
b20,b20,a1,HDFC Bank (Delhi),Delhi,HDFC-Del,,"13","15",,,,,,,A6027,N,2010-01-08 11:11:27.000,"0010",,,"240","002",,N,,
b21,b21,a1,State Bank of India(Delhi),Delhi,SBI-Del,,"13","15",,,,,,,A6028,N,2010-01-08 11:12:12.000,"0010",,,"002","000",,N,,
b22,b22,a1,State Bank of India(Kolkatta),Kolkatta,SBI-Kkta,,"10","12",,,,,,,A6024,N,2010-01-08 11:49:34.000,"0010",,,"002","000",,N,,
b23,b23,a1,HDFC Bank (Bhubaneshwar,Bubhaneshwar,HDFC-Bhu,,"15","17",,,N,N,0,0,A6029,N,2010-03-10 15:17:49.000,"0010",,,"240","002",,N,,
b29,b29,a1,State Bank of India,Chennai,SBI-CHN,,"06","08","05",,N,N,0,0,A6022,N,2013-06-12 09:38:08.000,"0010",,,"002","000",,N,,
b30,b30,a1,State Bank of India,Bangalore,SBI-BGLR,,"11","13","03",,N,N,0,0,A6022,N,2013-06-12 09:39:05.000,"0010",,,"002","000",,N,,
b31,b31,a1,State Bank of India,Raipur,SBI-RPR,,"07","09","28",,N,N,0,0,A6022,Y,2013-06-12 09:40:18.000,"0010",,,"002","000",,N,,
b32,b32,a1,State Bank of India,Bhubaneswar,SBI-BHU,,"15","17","18",,N,N,0,0,A6022,Y,2013-06-12 09:42:45.000,"0010",,,"002","000",,N,,
b33,b33,a1,State Bank of India,Jaipur,SBI-JP,,"16","18","08",,N,N,0,0,A6022,Y,2013-09-17 15:32:58.000,"0010",,,"002","000",,N,,
b28,b28,a1,State Bank of India,Indore,SBI-Indr,,"08","10","01",,N,N,0,0,A6042,N,2013-05-17 12:34:34.000,"0010",,,"002","000",,N,,
b34,b34,a1,State Bank of India,Hyderabad,SBI-HYD,,"09","11","07",,N,N,0,0,A6022,N,2013-09-19 11:13:25.000,"0010",,,"002","000",,N,,
b37,b37,a1,HDFC Bank(NMTEL),Mumbai,HDFCNMTL,"01432320015131 ","14","16",,,N,N,0,0,A6074,N,2015-03-24 12:55:15.000,"0010",,,"240","002",,N,,
b44,b44,a1,State Bank of India,K R Road,SBI_DLT,"35858731366","23","25","03",,N,N,0,0,A6096,N,2016-07-14 11:39:34.000,"0010",,,,,,N,,
b45,b45,a1,Kotak Mahindra Bank,NKC Branch,KTM_DLT,"9512352195","23","25","03",,N,N,0,0,A6097,N,2016-07-14 11:40:19.000,"0010",,,"485","000",,N,,
b46,b46,a1,Kotak Mahindra Bank,Mumbai,KTM_MUM,,"04","06","01",,N,N,0,0,A6099,N,2016-10-13 14:15:07.000,"0010",,,"002","000",,N,Y,
b49,b49,,HDFC Bank,Bangalore,HDFC,"5092320003190","27","29","03",,N,N,0,0,A6017,N,2017-06-08 11:40:32.000,"0010",,,"240","002",,N,,
b47,b47,a1,HDFC BANK LTD (NMLB) 50200021560820,Mumbai,HDFC,,"04","06","01",,N,N,0,0,A6098,N,2016-11-24 13:55:11.000,"0010",,,,,,N,N,
b54,b54,,HDFC BANK,Mumbai,hdfc,,"29","31","01",,N,N,0,0,A6106,N,2017-10-12 16:53:40.000,"0010",,,,,,N,,
b55,b55,,CITI Bank,Mumbai,CITI,"0713906018","04","06","01",,N,N,0,0,A6111,N,2018-02-07 09:22:51.000,"0010",,,"037","000",,N,,
b56,b56,,HDFC BANK,CRAWFORD MKT,HDFC,"50200030520763","30","32","01",,N,N,0,0,A6115,N,2018-05-11 11:52:04.000,"0010",,,"240","002",,N,,
b60,b60,,State Bank of India (Mandvi),MANDVI,SBIM,"40707653813","04","06","01",,N,N,0,0,A6124,N,2022-01-12 12:09:00.000,"0010",,,"002","000",,N,,
b65,b65,,DBS Bank,Banglore,DBS,"8827200000006248","36","38","03",,N,N,,0,A6130,N,2023-04-08 15:48:30.000,"0010",,,"400","641",,N,,
b69,b69,,AXIS BANK LTD ,Rajsjinagar,AXISBK,"920020058146980","37","39","03",,N,N,,0,A6137,N,2023-06-07 19:20:21.000,"0010",,,"211","002",,N,,
b71,b71,,DBS Bank India Ltd,Mumbai,DBS,"8853210000006286","41","43","01",,N,N,,0,A6130,N,2023-08-11 12:27:08.000,"0010",,,"400","641",,N,,
b72,b72,,DBS Bank India Limited,BangaloreMain,DBS,"8827200000021924","23","25","03",,N,N,,0,A6140,N,2024-02-28 21:29:42.000,"9999",,,"400","641",,N,,
b74,b74,,HDFC BANK LTD,"Prashanth Nagar, Bengaluru",HDFC,"99929449800800","48","50","03",,N,N,,0,A6072,N,2024-07-18 09:45:15.000,"9999",,,"240","002",,N,,
b59,b59,"1",HDFC BANK - MOHAMEDALI RD A/C,MOHAMMADALI RD,HDFC,"50200053568781","99","99","01",,N,N,0,0,A6122,N,2020-12-19 10:54:06.000,"0010",,,"240","002",,N,,
b63,b63,,ICICI BANK,SIYANGAN,ICI,A6127,"32","34","09",,N,N,,0,A6127,N,2022-08-29 17:10:12.000,"0010",,,"229","000",,N,,
b66,b66,,DBS Bank,Chennai,DBSC,"8827200000006248","34","36","05",,N,N,,0,A6130,N,2023-04-08 15:54:37.000,"0010",,,"400","641",,N,,
b73,b73,,Indusind Bank,Mumbai,INDB,,"41","43","01",,N,N,,0,A6141,N,2024-03-04 21:05:01.000,"9999",,,"234","002",,N,,
b75,b75,,Standard Chartered Bank Channel Finance,Bangalore,SCB,,"36","38","03",,N,N,,0,A6150,N,2024-12-16 14:12:48.000,"9999",,,"036","000",,N,,
b58,b58,,CITI BANK (AC 0065372118),"LINKING ROAD, KHAR",CITI,"0065372118","30","32","01",,N,N,0,0,A6121,N,2020-10-12 17:31:17.000,"0010",,,"037","000",,N,,
b77,b77,,DBS BANK INDIA LTD,Bangalore,DBS,"8827200000045401","23","25","03",,N,N,,0,A6156,N,2025-06-05 12:23:53.000,"9999",,,"400","641",,N,,
b57,b57,"400",HDFC BANK,Crawford Market,hdfc,"50200031199781","31","33","01",,N,N,0,0,A6069,N,2019-02-19 12:59:39.000,"0010",,,"240","002",,N,,
b61,b61,,STATE BANK OF INDIA,SIYAGANJ,SBI,A6056,"32","34","09",,N,N,,0,A6056,N,2022-04-13 09:51:32.000,"0010",,,"002","000",,N,,
b62,b62,,HDFC BANK,INDORE,HDFC,A6072,"32","34","09",,N,N,,0,A6072,N,2022-04-13 09:52:54.000,"0010",,,"240","002",,N,,
b64,b64,"560",KOTAK BANK,CHIKPET,KOB,A6129,"33","35","03",,N,N,,0,A6129,N,2022-11-29 10:58:14.000,"0010",,,"485","000",,N,,
b67,b67,,DBS Bank,Chennai,DBS,"8827200000006576","33","35","05",,N,N,,0,A6130,N,2023-04-08 16:24:24.000,"0010",,,"400","641",,N,,
b68,b68,,DBS Bank,Banglore,DBS,"8827200000006576","37","39","03",,N,N,,0,A6130,N,2023-04-08 16:31:24.000,"0010",,,"400","641",,N,,
b70,b70,,AXIS BANK LTD,SRINIVASNAGAR,AXISBK,"920020058147048","36","38","03",,N,N,,0,A6138,N,2023-06-07 19:26:32.000,"51180",,,"211","002",,N,,
b76,b76,,HDFC BANK,KANDIVALIWEST,HDFCVRAJ,"50200109448721","41","43","01",,N,N,,0,A6155,N,2025-05-06 14:40:02.000,"49673",,,"400","641",,N,,
